from,to,status,clicks,category
/smol-review-are-they-as-good-as-they-sound/,/reviews/smol-review-are-they-as-good-as-they-sound/,301,3709,canonical redirect
/parenthood/reviews/smol-review-are-they-as-good-as-they-sound/,/reviews/smol-review-are-they-as-good-as-they-sound/,301,3078,canonical redirect
/separated-parents/single-parent-benefits-guide/,/separated-parents/universal-credit-for-single-parents-a-complete-uk-guide-2025/,301,2989,canonical redirect
/parenthood/hoppstar-artist-camera-review/,/reviews/hoppstar-artist-camera-review/,301,1038,canonical redirect
/separated-parents/parenting-time-calculator/,/separated-parents/,301,992,legacy-deleted fallback
/introduction-to-single-parent-benefits/,/separated-parents/,301,962,legacy-deleted fallback
/effects-of-parental-separation-on-a-child/,/separated-parents/effects-of-parental-separation-on-a-child/,301,851,canonical redirect
/raising-stong-daughters/,/parenthood/raising-stong-daughters/,301,722,canonical redirect
/honest-mobile-review/,/reviews/honest-mobile-review/,301,484,canonical redirect
/separated-parents/introduction-to-single-parent-benefits/,/separated-parents/,301,444,legacy-deleted fallback
/how-a-parenting-plan-can-help-in-2024/,/separated-parents/,301,378,legacy-deleted fallback
/parenthood/pact-coffee-review/,/reviews/pact-coffee-review/,301,361,canonical redirect
/parenthood/reviews/honest-mobile-review/,/reviews/honest-mobile-review/,301,313,canonical redirect
/uncategorised/grants-for-single-parents-uk/,/separated-parents/grants-for-single-parents-uk/,301,313,canonical redirect
/parenthood/toniebox-review-a-parents-honest-take-on-this-screen-free-audio-player/,/reviews/toniebox-review-a-parents-honest-take-on-this-screen-free-audio-player/,301,291,canonical redirect
/separated-parents/single-parent-benefits-uk/,/separated-parents/,301,235,canonical redirect
/parenthood/uk-paternity-leave-not-enough/,/separated-parents/uk-paternity-leave-not-enough/,301,227,canonical redirect
/parenting-hacks-and-tips/home-activities-for-kids/,/home-activities-for-kids/,301,216,canonical redirect
/parenthood/kidkraft-majestic-mansion-dollhouse/,/reviews/kidkraft-majestic-mansion-dollhouse/,301,192,canonical redirect
/kidkraft-majestic-mansion-dollhouse/,/reviews/kidkraft-majestic-mansion-dollhouse/,301,174,canonical redirect
/things-to-do/things-to-do-with-kids-hampshire/,/reviews/things-to-do-with-kids-hampshire/,301,170,canonical redirect
/things-to-do/cardboard-crafts-fish-tank/,/diary/cardboard-crafts-fish-tank/,301,164,canonical redirect
/parenthood/reviews/the-best-travel-friendly-toys-for-toddlers-ultimate-guide-2025/,/parenthood/the-best-travel-friendly-toys-for-toddlers-ultimate-guide-2025/,301,150,canonical redirect
/arts-and-crafts/cardboard-crafts-cardboard-laptop/,/diary/cardboard-crafts-cardboard-laptop/,301,120,canonical redirect
/things-to-do/arts-and-crafts/cardboard-crafts-cardboard-laptop/,/diary/cardboard-crafts-cardboard-laptop/,301,107,canonical redirect
/cardboard-crafts-cardboard-laptop/,/diary/cardboard-crafts-cardboard-laptop/,301,84,canonical redirect
/cardboard-crafts-fish-tank/,/diary/cardboard-crafts-fish-tank/,301,62,canonical redirect
/separated-parents/how-a-parenting-plan-can-help-in-2024/,/separated-parents/,301,60,legacy-deleted fallback
/parenthood/reviews/toniebox-review-a-parents-honest-take-on-this-screen-free-audio-player/,/reviews/toniebox-review-a-parents-honest-take-on-this-screen-free-audio-player/,301,59,canonical redirect
/parenthood/reviews/pact-coffee-review/,/reviews/pact-coffee-review/,301,58,canonical redirect
/tom-life-insurance-review-2023/,/reviews/tom-life-insurance-review-2023/,301,58,canonical redirect
/parenthood/best-toddler-travel-accessories/,/parenthood/,301,58,canonical redirect
/sustainable-family-the-start-of-a-sustainable-lifestyle-journey/,/parenthood/sustainable-family-the-start-of-a-sustainable-lifestyle-journey/,301,49,canonical redirect
/co-parenting/the-role-of-mediation-in-co-parenting-after-a-toxic-relationship-a-comprehensive-guide/,/separated-parents/the-role-of-mediation-in-co-parenting-after-a-toxic-relationship-a-comprehensive-guide/,301,42,canonical redirect
/parenthood/5-things-about-parenthood-that-nothing-can-prepare-you-for/,/parenthood/,301,29,canonical redirect
/parenthood/reviews/tom-life-insurance-review-2023/,/reviews/tom-life-insurance-review-2023/,301,27,canonical redirect
/separated-parents/child-maintenance/,/separated-parents/cms-changes-2025/,301,23,canonical redirect
/separated-parents/co-parenting/how-a-parenting-plan-can-help-in-2024/,/separated-parents/,301,23,legacy-deleted fallback
/christmas-is-over-already/,/,301,23,legacy-deleted fallback
/the-role-of-mediation-in-co-parenting-after-a-toxic-relationship-a-comprehensive-guide/,/separated-parents/the-role-of-mediation-in-co-parenting-after-a-toxic-relationship-a-comprehensive-guide/,301,22,canonical redirect
/parenthood/gentle-parenting-a-balanced-guide-for-uk-parents/,/parenthood/,301,16,canonical redirect
/things-to-do/west-green-house-gardens-hampshire/,/reviews/west-green-house-gardens-hampshire/,301,15,canonical redirect
/separated-parents/co-parenting/what-is-co-parenting-the-ultimate-guide-to-raising-happy-kids-after-separation/,/separated-parents/what-is-co-parenting-the-ultimate-guide-to-raising-happy-kids-after-separation/,301,15,canonical redirect
/co-parenting-after-a-toxic-relationship-a-guide-to-positive-parenting/,/separated-parents/,301,14,legacy-deleted fallback
/tag/raising-strong-daughters/,/separated-parents/,301,12,tag cleanup
/co-parenting/,/separated-parents/,301,11,legacy-deleted fallback
/parenthood/the-importance-of-taking-time-for-yourself/,/diary/the-importance-of-taking-time-for-yourself/,301,10,canonical redirect
/parenting-hacks-and-tips/common-parenting-mistakes/,/parenthood/,301,10,canonical redirect
/day-in-the-life/,/diary/day-in-the-life/,301,10,canonical redirect
/separated-parents/co-parenting/co-parenting-after-a-toxic-relationship-a-guide-to-positive-parenting/,/separated-parents/,301,9,legacy-deleted fallback
/grow-your-parenting-instagram/,/about/,301,9,canonical redirect
/parenthood/universal-credit-budget-changes/,/separated-parents/universal-credit-for-single-parents-a-complete-uk-guide-2025/,301,8,canonical redirect
/guest-post-lockdown-baby-a-dads-perspective/,/about/,301,8,legacy-deleted fallback
/parenthood/understanding-tax-free-childcare-a-guide-to-saving-on-childcare-costs/,/separated-parents/universal-credit-for-single-parents-a-complete-uk-guide-2025/,301,7,canonical redirect
/parenthood/day-in-the-life/,/diary/day-in-the-life/,301,7,canonical redirect
/a-letter-to-my-daughter-on-international-womens-day/,/diary/a-letter-to-my-daughter-on-international-womens-day/,301,6,canonical redirect
/is-narcissism-all-that-bad/,/,301,5,legacy-deleted fallback
/common-parenting-mistakes/,/parenthood/,301,5,canonical redirect
/5-mindful-micro-moments-sprinkling-serenity-into-busy-parent-life/,/parenthood/,301,5,legacy-deleted fallback
/the-importance-of-taking-time-for-yourself/,/diary/the-importance-of-taking-time-for-yourself/,301,4,canonical redirect
/things-to-do/home-activities-for-kids/,/home-activities-for-kids/,301,4,canonical redirect
/the-next-chapter-blended-family/,/separated-parents/introducing-a-new-partner-to-your-child-a-separated-parents-guide/,301,4,canonical redirect
/5-things-about-parenthood-that-nothing-can-prepare-you-for/,/parenthood/,301,4,canonical redirect
/guest-post-bonding-ideas-for-dads-and-their-special-needs-children/,/about/,301,4,legacy-deleted fallback
/my-top-10-parenting-rules-to-live-by/,/parenthood/my-top-10-parenting-rules-to-live-by/,301,4,canonical redirect
/separated-parents/financial-planning-for-separated-parents/,/separated-parents/,301,3,canonical redirect
/parenthood/5-micro-mindfulness-practices-for-busy-parents/,/parenthood/,301,3,canonical redirect
/uncategorised/cardboard-crafts-fish-tank/,/diary/cardboard-crafts-fish-tank/,301,3,canonical redirect
/tag/parenthood/,/separated-parents/,301,3,tag cleanup
/tag/separation/,/separated-parents/,301,3,tag cleanup
/parenthood/reviews/kidkraft-majestic-mansion-dollhouse/,/reviews/kidkraft-majestic-mansion-dollhouse/,301,2,canonical redirect
/buying-a-wheelchair/,/,301,2,legacy-deleted fallback
/dole-mandarins-in-juice/,/,301,2,canonical redirect
/co-parenting/a-year-of-the-breaking-dad-on-instagram/,/diary/a-year-of-the-breaking-dad-on-instagram/,301,2,canonical redirect
/stop-counting-the-minutes-and-start-seizing-the-days/,/,301,2,legacy-deleted fallback
/parenthood/5-mindful-micro-moments-sprinkling-serenity-into-busy-parent-life/,/parenthood/,301,2,legacy-deleted fallback
/parenthood/when-a-temper-tantrum-isnt-a-temper-tantrum/,/diary/when-a-temper-tantrum-isnt-a-temper-tantrum/,301,2,canonical redirect
/guest-post-the-ultimate-guide-to-driving-safely-with-kids/,/about/,301,2,legacy-deleted fallback
/parenthood/a-blended-family-all-the-ingredients/,/separated-parents/blended-family-challenge/,301,2,canonical redirect
/separated-parents/co-parenting/the-role-of-mediation-in-co-parenting-after-a-toxic-relationship-a-comprehensive-guide/,/separated-parents/the-role-of-mediation-in-co-parenting-after-a-toxic-relationship-a-comprehensive-guide/,301,1,canonical redirect
/uncategorized/the-next-chapter-blended-family/,/separated-parents/introducing-a-new-partner-to-your-child-a-separated-parents-guide/,301,1,canonical redirect
/co-parenting/featured-4-tips-for-coping-with-separation/,/separated-parents/,301,1,canonical redirect
/things-to-do/,/reviews/,301,1,legacy-deleted fallback
/parenting-guides/reviews/kidkraft-majestic-mansion-dollhouse/,/reviews/kidkraft-majestic-mansion-dollhouse/,301,1,canonical redirect
/tag/smol/,/,301,1,tag cleanup
/uncategorized/follower-focus-the-windsors/,/,301,1,canonical redirect
/2024/04/,/,301,1,legacy-deleted fallback
/divorce/,/separated-parents/,301,1,legacy-deleted fallback
/tag/kids-activities-blog/,/,301,1,tag cleanup
/page/2/,/,301,1,legacy-deleted fallback
/cover-my-bubble/,/,301,1,legacy-deleted fallback
/a-blended-family-all-the-ingredients/,/separated-parents/blended-family-challenge/,301,1,canonical redirect
/uncategorised/our-first-vlog-on-youtube/,/about/,301,1,canonical redirect
/uncategorised/guest-post-the-ultimate-guide-to-driving-safely-with-kids/,/about/,301,1,legacy-deleted fallback
/separated-parents/co-parenting-after-a-toxic-relationship-a-guide-to-positive-parenting/,/separated-parents/,301,1,legacy-deleted fallback
/the-breaking-da/,/,301,1,legacy-deleted fallback
/privacy-policy/,/,301,1,legacy-deleted fallback
/separated-parents/is-narcissism-all-that-bad/,/separated-parents/,301,1,legacy-deleted fallback
/parenting-guides/,/parenthood/,301,1,legacy-deleted fallback
/2020/03/,/,301,1,legacy-deleted fallback
/your-questions-answered/,/,301,1,legacy-deleted fallback
/follower-focus-the-windsors/,/,301,1,canonical redirect
/tag/grow-instagram/,/,301,1,tag cleanup
/uncategorised/is-narcissism-all-that-bad/,/,301,1,legacy-deleted fallback
/blog/,/,301,0,legacy-deleted fallback
/parenthood/reviews/,/reviews/,301,0,legacy-deleted fallback
/10k-instagram-followers/,/about/,301,0,canonical redirect
/our-favourite-parent-bloggers/,/,301,0,canonical redirect
/tag/preparing-for-parenthood/,/,301,0,tag cleanup
/uncategorised/the-next-chapter-blended-family/,/separated-parents/introducing-a-new-partner-to-your-child-a-separated-parents-guide/,301,0,canonical redirect
/featured-on-gingerbread/,/,301,0,legacy-deleted fallback
/blog-standard/,/,301,0,legacy-deleted fallback
/2022/02/,/,301,0,legacy-deleted fallback
/a-year-of-the-breaking-dad-on-instagram/,/diary/a-year-of-the-breaking-dad-on-instagram/,301,0,canonical redirect
/featured-in-the-sunday-telegraphs-stella-magazine/,/,301,0,legacy-deleted fallback
/diary-doting-daddy/,/,301,0,canonical redirect
/parenthood/featured-on-gingerbread/,/parenthood/,301,0,legacy-deleted fallback
/featured-post/,/,301,0,legacy-deleted fallback
/tag/raising-daughters/,/separated-parents/,301,0,tag cleanup
/tag/kidkraft-majestic-mansion/,/,301,0,tag cleanup
/podcasts/,/,301,0,legacy-deleted fallback
/tag/kidkraft/,/,301,0,tag cleanup
/parenthood/guest-post-the-ultimate-guide-to-driving-safely-with-kids/,/about/,301,0,legacy-deleted fallback
/page/3/,/,301,0,legacy-deleted fallback
/parenthood/you-cant-pour-from-an-empty-cup/,/diary/you-cant-pour-from-an-empty-cup/,301,0,canonical redirect
/parenthood/our-favourite-parent-bloggers/,/,301,0,canonical redirect
/when-a-temper-tantrum-isnt-a-temper-tantrum/,/diary/when-a-temper-tantrum-isnt-a-temper-tantrum/,301,0,canonical redirect
/uncategorized/guest-post-an-unofficial-guide-to-new-baby-essentials/,/about/,301,0,legacy-deleted fallback
/lateral/,/,301,0,legacy-deleted fallback
/2022/01/,/,301,0,legacy-deleted fallback
/uncategorised/buying-a-wheelchair/,/,301,0,legacy-deleted fallback
/2020/12/,/,301,0,legacy-deleted fallback
/guest-post-an-unofficial-guide-to-new-baby-essentials/,/about/,301,0,legacy-deleted fallback
/separated-parents/co-parenting/featured-in-the-sunday-telegraphs-stella-magazine/,/separated-parents/,301,0,legacy-deleted fallback
/parenthood/facing-into-parental-self-doubt-after-separation/,/separated-parents/introducing-a-new-partner-to-your-child-a-separated-parents-guide/,301,0,canonical redirect
/page/6/,/,301,0,legacy-deleted fallback
/the-breaking-dad/,/,301,0,legacy-deleted fallback
/2021/03/,/,301,0,legacy-deleted fallback
/uncategorised/christmas-is-over-already/,/,301,0,legacy-deleted fallback
/parenthood/grow-your-parenting-instagram/,/about/,301,0,canonical redirect
/co-parenting/we-moved-in-together/,/separated-parents/blended-family-challenge/,301,0,canonical redirect
/uncategorized/,/,301,0,legacy-deleted fallback
/2021/01/,/,301,0,legacy-deleted fallback
/2021/11/,/,301,0,legacy-deleted fallback
/2021/10/,/,301,0,legacy-deleted fallback
/parenthood/do-you-believe-in-yourself/,/parenthood/,301,0,legacy-deleted fallback
/tag/kids-blog/,/,301,0,tag cleanup
/uncategorized/our-first-vlog-on-youtube/,/about/,301,0,canonical redirect
/page/7/,/,301,0,legacy-deleted fallback
/uncategorised/,/,301,0,legacy-deleted fallback
/2021/02/,/,301,0,legacy-deleted fallback
/our-first-vlog-on-youtube/,/about/,301,0,canonical redirect
/tag/woodendollhouse/,/,301,0,tag cleanup
/uncategorised/evie-pencil/,/,301,0,legacy-deleted fallback
/title-bottom-aligned/,/,301,0,legacy-deleted fallback
/2020/11/,/,301,0,legacy-deleted fallback
/tag/toy-review/,/reviews/,301,0,tag cleanup
/parenting-guides/5-effective-car-tips-to-ensure-a-safe-road-trip/,/,301,0,canonical redirect
/parenting-hacks-and-tips/,/parenthood/,301,0,legacy-deleted fallback
/tag/children-activities/,/,301,0,tag cleanup
/a-world-full-of-opportunity/,/,301,0,legacy-deleted fallback
/parenting-thoughts/,/parenthood/,301,0,legacy-deleted fallback
/tatsu_gsections/blog-footer/,/,301,0,legacy-deleted fallback
/parenthood/10-things-you-should-start-doing-for-a-happier-life/,/,301,0,canonical redirect
/blog/page/3/,/,301,0,legacy-deleted fallback
/2021/12/,/,301,0,legacy-deleted fallback
/uncategorised/10k-instagram-followers/,/about/,301,0,canonical redirect
/tag/review/,/reviews/,301,0,tag cleanup
/separated-parents/universal-credit-for-single-parents-a-complete-guide-2025/,/separated-parents/,301,0,legacy-deleted fallback
/2021/06/,/,301,0,legacy-deleted fallback
/elementor-8609/,/,301,0,legacy-deleted fallback
/featured-4-tips-for-coping-with-separation/,/separated-parents/,301,0,canonical redirect
/parenthood/a-letter-to-my-daughter-on-international-womens-day/,/diary/a-letter-to-my-daughter-on-international-womens-day/,301,0,canonical redirect
/tag/blendedfamily/,/separated-parents/,301,0,tag cleanup
/uncategorized/christmas-is-over-already/,/,301,0,legacy-deleted fallback
/blogpagetest/,/,301,0,legacy-deleted fallback
/classic-blog/,/,301,0,legacy-deleted fallback
/tag/activity-for-kids/,/,301,0,tag cleanup
/uncategorised/follower-focus-the-windsors/,/,301,0,canonical redirect
/lateral/page/8/,/,301,0,legacy-deleted fallback
/parenthood/this-is-fatherhood/,/diary/this-is-fatherhood/,301,0,canonical redirect
/tag/sustainable/,/,301,0,tag cleanup
/uncategorized/10k-instagram-followers/,/about/,301,0,canonical redirect
/uncategorised/stop-counting-the-minutes-and-start-seizing-the-days/,/,301,0,legacy-deleted fallback
/co-parenting/two-years-of-coparenting/,/diary/two-years-of-coparenting/,301,0,canonical redirect
/elementor-8484/,/,301,0,legacy-deleted fallback
/parenthood/diary-doting-daddy/,/,301,0,canonical redirect
/tag/parenting/,/,301,0,tag cleanup
/tag/parentblog/,/,301,0,tag cleanup
/separated-parents/co-parenting/two-years-of-coparenting/,/diary/two-years-of-coparenting/,301,0,canonical redirect
/payment-confirmation/,/,301,0,legacy-deleted fallback
/2023/05/,/,301,0,legacy-deleted fallback
/tatsu_footer/exponent-life-coach-footer/,/,301,0,legacy-deleted fallback
/tag/parent-stories/,/,301,0,tag cleanup
/lateral/page/4/,/,301,0,legacy-deleted fallback
/5-effective-car-tips-to-ensure-a-safe-road-trip/,/,301,0,canonical redirect
/collaborations/,/,301,0,legacy-deleted fallback
/page/5/,/,301,0,legacy-deleted fallback
/separated-parents/co-parenting/we-moved-in-together/,/separated-parents/blended-family-challenge/,301,0,canonical redirect
/this-is-fatherhood/,/diary/this-is-fatherhood/,301,0,canonical redirect
/separated-parents/co-parenting/a-year-of-the-breaking-dad-on-instagram/,/diary/a-year-of-the-breaking-dad-on-instagram/,301,0,canonical redirect
/tatsu_footer/exponent-blog-footer/,/,301,0,legacy-deleted fallback
/uncategorised/guest-post-an-unofficial-guide-to-new-baby-essentials/,/about/,301,0,legacy-deleted fallback
/tag/ethical/,/,301,0,tag cleanup
/page/4/,/,301,0,legacy-deleted fallback
/parenthood/featured-on-family-action-this-week/,/parenthood/,301,0,legacy-deleted fallback
/you-cant-pour-from-an-empty-cup/,/diary/you-cant-pour-from-an-empty-cup/,301,0,canonical redirect
/tatsu_header/exponent-blog-header/,/,301,0,legacy-deleted fallback
/reviews/are-they-as-good-as-they-sound/,/reviews/,301,0,legacy-deleted fallback
/separated-parents/single-parent-benefits-guide-2025/,/separated-parents/,301,0,legacy-deleted fallback
/elementor-6871/,/,301,0,legacy-deleted fallback
/2021/09/,/,301,0,legacy-deleted fallback
/tag/questions-and-answers/,/,301,0,tag cleanup
/tag/follower-focus/,/,301,0,tag cleanup
/tag/fun-kids-activities/,/,301,0,tag cleanup
/tag/divorce/,/,301,0,tag cleanup
/tag/parentvlog/,/,301,0,tag cleanup
/2024/02/,/,301,0,legacy-deleted fallback
/tag/putting-children-first/,/,301,0,tag cleanup
/tag/narcissism/,/,301,0,tag cleanup
/lateral/page/7/,/,301,0,legacy-deleted fallback
/10-things-you-should-start-doing-for-a-happier-life/,/,301,0,canonical redirect
/2023/06/,/,301,0,legacy-deleted fallback
/facing-into-parental-self-doubt-after-separation/,/separated-parents/introducing-a-new-partner-to-your-child-a-separated-parents-guide/,301,0,canonical redirect
/lateral/page/9/,/,301,0,legacy-deleted fallback
/sample-page/,/,301,0,legacy-deleted fallback
/tag/dadblogger/,/,301,0,tag cleanup
/arts-and-crafts/,/reviews/,301,0,legacy-deleted fallback
/lifestyle-and-adventures/,/,301,0,legacy-deleted fallback
/blog/page/4/,/,301,0,legacy-deleted fallback
/parenthood/a-world-full-of-opportunity/,/parenthood/,301,0,legacy-deleted fallback
